id,linguagens,humanas,naturezas,matematica,redacao
1,620,650,580,720,800
2,710,690,640,780,900
3,580,610,550,650,720
4,750,720,700,850,940
5,660,680,620,760,860
6,540,590,510,610,680
7,800,760,730,900,960
8,690,640,670,740,820
9,610,700,590,680,780
10,730,710,690,820,900
11,570,560,530,600,700
12,680,670,650,750,840
13,760,730,710,870,920
14,630,620,600,700,760
15,720,690,680,800,880
16,590,650,570,670,740
17,780,750,720,890,950
18,650,680,610,730,810
19,700,710,660,790,870
20,550,600,520,630,690
21,740,720,700,840,910
22,670,650,630,750,830
23,810,780,750,920,980
24,600,630,560,660,750
25,710,700,680,810,890
26,640,660,590,710,800
27,770,740,700,860,930
28,580,620,540,640,710
29,690,680,650,770,850
30,750,710,690,830,900